<?xml version="1.0" encoding="utf-8"?>
<eCitation>
   <meta type="rr"/>
   <uId id="CXR1557"/>
   <pmcId id="1557"/>
   <docSource>CXR</docSource>
   <IUXRId id="1557"/>
   <licenseType>open-access</licenseType>
   <licenseURL>http://creativecommons.org/licenses/by-nc-nd/4.0/</licenseURL>
   <ccLicense>byncnd</ccLicense>
   <articleURL/>
   <articleDate>2013-08-01</articleDate>
   <articleType>XR</articleType>
   <publisher>Indiana University</publisher>
   <title>Indiana University Chest X-ray Collection</title>
   <note>The data are drawn from multiple hospital systems.</note>
   <specialty>pulmonary diseases</specialty>
   <subset>CXR</subset>
   <MedlineCitation Owner="Indiana University" Status="supplied by publisher">
   
      <Article PubModel="Electronic">
      
         <Journal>
         
            <JournalIssue>
            
               <PubDate>
               
                  <Year>2013</Year>
               
                  <Month>08</Month>
               
                  <Day>01</Day>
            
               </PubDate>
         
            </JournalIssue>
      
         </Journal>
      
         <ArticleTitle>Indiana University Chest X-ray Collection</ArticleTitle>
      
         <Abstract>
         
            <AbstractText Label="COMPARISON">Comparison is XXXX to chest radiograph examination dated XXXX.</AbstractText>
         
            <AbstractText Label="INDICATION">XXXX-year-old male with a history of partial right lung resection presents for evaluation.</AbstractText>
         
            <AbstractText Label="FINDINGS">There is interval removal of the tracheostomy tube and right subclavian central venous catheter. The cardiac silhouette is mildly enlarged. There are XXXX XXXX pulmonary opacities with blunting of the bilateral costophrenic XXXX, on the right greater than left, with pleural thickening versus loculated pleural fluid along the peripheral aspect of the right upper lobe. Right perihilar opacities. No pneumothorax identified.</AbstractText>
         
            <AbstractText Label="IMPRESSION">1. Enlarged cardiac silhouette, possibly consistent with mild cardiomegaly versus a small pericardial effusion. 2. Mild bibasilar atelectasis and/or infiltrates with probable small bilateral pleural effusions, on the right greater than left, and pleural thickening versus loculated pleural fluid along the peripheral aspect of the right upper lobe. .</AbstractText>
      
         </Abstract>
      
         <Affiliation>Indiana University</Affiliation>
      
         <AuthorList CompleteYN="Y">
         
            <Author ValidYN="Y">
            
               <LastName>Kohli</LastName>
            
               <ForeName>Marc</ForeName>
            
               <Initials>MD</Initials>
         
            </Author>
         
            <Author ValidYN="Y">
            
               <LastName>Rosenman</LastName>
            
               <ForeName>Marc</ForeName>
            
               <Initials>M</Initials>
         
            </Author>
      
         </AuthorList>
      
         <Language>eng</Language>
      
         <PublicationTypeList>
         
            <PublicationType>Radiology Report</PublicationType>
      
         </PublicationTypeList>
      
         <ArticleDate>
         
            <Year>2013</Year>
         
            <Month>08</Month>
         
            <Day>01</Day>
      
         </ArticleDate>
   
      </Article>
   
      <EssieArticleTitle>Indiana University Chest X-ray Collection</EssieArticleTitle>
   
      <IMedAuthor>Marc David Kohli MD</IMedAuthor>
   
      <IMedAuthor>Marc Rosenman M</IMedAuthor>

   </MedlineCitation>
   <MeSH>
   
      <major>Cardiac Shadow/enlarged/mild</major>
   
      <major>Opacity/lung</major>
   
      <major>Costophrenic Angle/bilateral/blunted</major>
   
      <major>Thickening/pleura/upper lobe/right</major>
   
      <major>Pleural Effusion/upper lobe/right</major>
   
      <major>Opacity/lung/hilum/right</major>
   
      <major>Pulmonary Atelectasis/base/bilateral/mild</major>
   
      <major>Infiltrate/lung/base/bilateral/mild</major>
   
      <major>Pleural Effusion/bilateral/small</major>
   
      <automatic>atelectases</automatic>
   
      <automatic>bilateral pleural effusion</automatic>
   
      <automatic>infiltrates</automatic>
   
      <automatic>opacity</automatic>
   
      <automatic>pericardial effusion</automatic>
   
      <automatic>pleural fluid</automatic>
   
      <automatic>pleural thickening</automatic>
   
      <automatic>Atelectasis</automatic>
   
      <automatic>Cardiomegaly</automatic>
   
      <automatic>Pericardial Effusion</automatic>
   
      <automatic>Pleural Diseases</automatic>
   
      <automatic>Pleural Effusion</automatic>

   </MeSH>
   <parentImage id="CXR1557_IM-0364-4004">
      
      
      <figureId>F1</figureId>
      
      
      <caption>Xray Chest PA and Lateral</caption>
      
      
      <panel type="single">
         
         
         <url>/hadoop/storage/radiology/extract/CXR1557_IM-0364-4004.jpg</url>
         
         
         <imgModality>7</imgModality>
         
         
         <region type="panel">
            
            
            <globalImageFeatures>
               
               
               <CEDD>f2p0k710</CEDD>
               
               
               <ColorLayout>f1p0k137</ColorLayout>
               
               
               <EdgeHistogram>f0p0k338</EdgeHistogram>
               
               
               <FCTH>f4p0k2450</FCTH>
               
               
               <SemanticContext60>f3p0k74</SemanticContext60>
            
            
            </globalImageFeatures>
         
         
         </region>
      
      
      </panel>
   
   
   </parentImage>
</eCitation>