<?xml version="1.0" encoding="utf-8"?>
<eCitation>
   <meta type="rr"/>
   <uId id="CXR1741"/>
   <pmcId id="1741"/>
   <docSource>CXR</docSource>
   <IUXRId id="1741"/>
   <licenseType>open-access</licenseType>
   <licenseURL>http://creativecommons.org/licenses/by-nc-nd/4.0/</licenseURL>
   <ccLicense>byncnd</ccLicense>
   <articleURL/>
   <articleDate>2013-08-01</articleDate>
   <articleType>XR</articleType>
   <publisher>Indiana University</publisher>
   <title>Indiana University Chest X-ray Collection</title>
   <note>The data are drawn from multiple hospital systems.</note>
   <specialty>pulmonary diseases</specialty>
   <subset>CXR</subset>
   <MedlineCitation Owner="Indiana University" Status="supplied by publisher">
   
      <Article PubModel="Electronic">
      
         <Journal>
         
            <JournalIssue>
            
               <PubDate>
               
                  <Year>2013</Year>
               
                  <Month>08</Month>
               
                  <Day>01</Day>
            
               </PubDate>
         
            </JournalIssue>
      
         </Journal>
      
         <ArticleTitle>Indiana University Chest X-ray Collection</ArticleTitle>
      
         <Abstract>
         
            <AbstractText Label="COMPARISON">Radiograph dated XXXX.</AbstractText>
         
            <AbstractText Label="INDICATION">Leg weakness.</AbstractText>
         
            <AbstractText Label="FINDINGS">There is a right pleural effusion which appears somewhat loculated. The cardiomediastinal silhouette is unchanged. The left lung is grossly clear. Unchanged sclerotic lesion in the left proximal clavicle. No pneumothorax. No left pleural effusion. There are T-spine osteophytes.</AbstractText>
         
            <AbstractText Label="IMPRESSION">Loculated appearing right pleural effusion and right basilar airspace disease. The left lung is grossly clear.</AbstractText>
      
         </Abstract>
      
         <Affiliation>Indiana University</Affiliation>
      
         <AuthorList CompleteYN="Y">
         
            <Author ValidYN="Y">
            
               <LastName>Kohli</LastName>
            
               <ForeName>Marc</ForeName>
            
               <Initials>MD</Initials>
         
            </Author>
         
            <Author ValidYN="Y">
            
               <LastName>Rosenman</LastName>
            
               <ForeName>Marc</ForeName>
            
               <Initials>M</Initials>
         
            </Author>
      
         </AuthorList>
      
         <Language>eng</Language>
      
         <PublicationTypeList>
         
            <PublicationType>Radiology Report</PublicationType>
      
         </PublicationTypeList>
      
         <ArticleDate>
         
            <Year>2013</Year>
         
            <Month>08</Month>
         
            <Day>01</Day>
      
         </ArticleDate>
   
      </Article>
   
      <EssieArticleTitle>Indiana University Chest X-ray Collection</EssieArticleTitle>
   
      <IMedAuthor>Marc David Kohli MD</IMedAuthor>
   
      <IMedAuthor>Marc Rosenman M</IMedAuthor>

   </MedlineCitation>
   <MeSH>
   
      <major>Pleural Effusion/right/focal</major>
   
      <major>Sclerosis/clavicle/left</major>
   
      <major>Osteophyte/thoracic vertebrae/multiple</major>
   
      <major>Airspace Disease/lung/base/right</major>
   
      <automatic>osteophytes</automatic>
   
      <automatic>pleural effusions</automatic>
   
      <automatic>sclerotic</automatic>
   
      <automatic>Pleural Effusion</automatic>

   </MeSH>
</eCitation>