<?xml version="1.0" encoding="utf-8"?>
<eCitation>
   <meta type="rr"/>
   <uId id="CXR175"/>
   <pmcId id="175"/>
   <docSource>CXR</docSource>
   <IUXRId id="175"/>
   <licenseType>open-access</licenseType>
   <licenseURL>http://creativecommons.org/licenses/by-nc-nd/4.0/</licenseURL>
   <ccLicense>byncnd</ccLicense>
   <articleURL/>
   <articleDate>2013-08-01</articleDate>
   <articleType>XR</articleType>
   <publisher>Indiana University</publisher>
   <title>Indiana University Chest X-ray Collection</title>
   <note>The data are drawn from multiple hospital systems.</note>
   <specialty>pulmonary diseases</specialty>
   <subset>CXR</subset>
   <MedlineCitation Owner="Indiana University" Status="supplied by publisher">
   
      <Article PubModel="Electronic">
      
         <Journal>
         
            <JournalIssue>
            
               <PubDate>
               
                  <Year>2013</Year>
               
                  <Month>08</Month>
               
                  <Day>01</Day>
            
               </PubDate>
         
            </JournalIssue>
      
         </Journal>
      
         <ArticleTitle>Indiana University Chest X-ray Collection</ArticleTitle>
      
         <Abstract>
         
            <AbstractText Label="COMPARISON"/>
         
            <AbstractText Label="INDICATION">Nausea and vomiting</AbstractText>
         
            <AbstractText Label="FINDINGS">Mild cardiomegaly unchanged. Stable superior mediastinal contour with tortuous aorta. Normal pulmonary vascularity. Unchanged elevated right hemidiaphragm with minimal right base subsegmental atelectasis. Minimal XXXX left basal airspace opacity. Unchanged blunting of the right lateral costophrenic XXXX, scarring versus XXXX effusion. No pneumothorax. No acute osseous findings.</AbstractText>
         
            <AbstractText Label="IMPRESSION">Minimal XXXX left base atelectasis/infiltrate. Otherwise, stable exam.</AbstractText>
      
         </Abstract>
      
         <Affiliation>Indiana University</Affiliation>
      
         <AuthorList CompleteYN="Y">
         
            <Author ValidYN="Y">
            
               <LastName>Kohli</LastName>
            
               <ForeName>Marc</ForeName>
            
               <Initials>MD</Initials>
         
            </Author>
         
            <Author ValidYN="Y">
            
               <LastName>Rosenman</LastName>
            
               <ForeName>Marc</ForeName>
            
               <Initials>M</Initials>
         
            </Author>
      
         </AuthorList>
      
         <Language>eng</Language>
      
         <PublicationTypeList>
         
            <PublicationType>Radiology Report</PublicationType>
      
         </PublicationTypeList>
      
         <ArticleDate>
         
            <Year>2013</Year>
         
            <Month>08</Month>
         
            <Day>01</Day>
      
         </ArticleDate>
   
      </Article>
   
      <EssieArticleTitle>Indiana University Chest X-ray Collection</EssieArticleTitle>
   
      <IMedAuthor>Marc David Kohli MD</IMedAuthor>
   
      <IMedAuthor>Marc Rosenman M</IMedAuthor>

   </MedlineCitation>
   <MeSH>
   
      <major>Cardiomegaly/mild</major>
   
      <major>Aorta/tortuous</major>
   
      <major>Diaphragm/right/elevated</major>
   
      <major>Pulmonary Atelectasis/base/bilateral/mild</major>
   
      <major>Opacity/lung/base/left/mild</major>
   
      <major>Costophrenic Angle/right/blunted</major>
   
      <major>Infiltrate/lung/base/bilateral/mild</major>
   
      <automatic>atelectases</automatic>
   
      <automatic>effusion</automatic>
   
      <automatic>infiltrates</automatic>
   
      <automatic>opacity</automatic>
   
      <automatic>scarring</automatic>
   
      <automatic>tortuous aorta</automatic>
   
      <automatic>Atelectasis</automatic>
   
      <automatic>Pleural Effusion</automatic>

   </MeSH>
   <parentImage id="CXR175_IM-0492-1001">
      
      
      <figureId>F1</figureId>
      
      
      <caption>Xray Chest PA and Lateral</caption>
      
      
      <panel type="single">
         
         
         <url>/hadoop/storage/radiology/extract/CXR175_IM-0492-1001.jpg</url>
         
         
         <imgModality>7</imgModality>
         
         
         <region type="panel">
            
            
            <globalImageFeatures>
               
               
               <CEDD>f2p0k710</CEDD>
               
               
               <ColorLayout>f1p0k137</ColorLayout>
               
               
               <EdgeHistogram>f0p0k184</EdgeHistogram>
               
               
               <FCTH>f4p0k2450</FCTH>
               
               
               <SemanticContext60>f3p0k74</SemanticContext60>
            
            
            </globalImageFeatures>
         
         
         </region>
      
      
      </panel>
   
   
   </parentImage>
</eCitation>