<?xml version="1.0" encoding="utf-8"?>
<eCitation>
   <meta type="rr"/>
   <uId id="CXR2074"/>
   <pmcId id="2074"/>
   <docSource>CXR</docSource>
   <IUXRId id="2074"/>
   <licenseType>open-access</licenseType>
   <licenseURL>http://creativecommons.org/licenses/by-nc-nd/4.0/</licenseURL>
   <ccLicense>byncnd</ccLicense>
   <articleURL/>
   <articleDate>2013-08-01</articleDate>
   <articleType>XR</articleType>
   <publisher>Indiana University</publisher>
   <title>Indiana University Chest X-ray Collection</title>
   <note>The data are drawn from multiple hospital systems.</note>
   <specialty>pulmonary diseases</specialty>
   <subset>CXR</subset>
   <MedlineCitation Owner="Indiana University" Status="supplied by publisher">
   
      <Article PubModel="Electronic">
      
         <Journal>
         
            <JournalIssue>
            
               <PubDate>
               
                  <Year>2013</Year>
               
                  <Month>08</Month>
               
                  <Day>01</Day>
            
               </PubDate>
         
            </JournalIssue>
      
         </Journal>
      
         <ArticleTitle>Indiana University Chest X-ray Collection</ArticleTitle>
      
         <Abstract>
         
            <AbstractText Label="COMPARISON">Chest x-XXXX on XXXX</AbstractText>
         
            <AbstractText Label="INDICATION">XXXX-year-old female with chest pain persistent vomiting.</AbstractText>
         
            <AbstractText Label="FINDINGS">Low lung volumes. Stable ectasia of the thoracic aorta. Stable right upper mediastinal Bilateral small pleural effusions and bibasilar airspace opacities. The heart size and mediastinal silhouette are within normal limits for contour. No pneumothorax. Stable wedging of the anterior thoracic vertebral bodies.</AbstractText>
         
            <AbstractText Label="IMPRESSION">Bilateral small pleural effusions and associated atelectasis. Stable right upper mediastinal opacity consistent with XXXX goiter.</AbstractText>
      
         </Abstract>
      
         <Affiliation>Indiana University</Affiliation>
      
         <AuthorList CompleteYN="Y">
         
            <Author ValidYN="Y">
            
               <LastName>Kohli</LastName>
            
               <ForeName>Marc</ForeName>
            
               <Initials>MD</Initials>
         
            </Author>
         
            <Author ValidYN="Y">
            
               <LastName>Rosenman</LastName>
            
               <ForeName>Marc</ForeName>
            
               <Initials>M</Initials>
         
            </Author>
      
         </AuthorList>
      
         <Language>eng</Language>
      
         <PublicationTypeList>
         
            <PublicationType>Radiology Report</PublicationType>
      
         </PublicationTypeList>
      
         <ArticleDate>
         
            <Year>2013</Year>
         
            <Month>08</Month>
         
            <Day>01</Day>
      
         </ArticleDate>
   
      </Article>
   
      <EssieArticleTitle>Indiana University Chest X-ray Collection</EssieArticleTitle>
   
      <IMedAuthor>Marc David Kohli MD</IMedAuthor>
   
      <IMedAuthor>Marc Rosenman M</IMedAuthor>

   </MedlineCitation>
   <MeSH>
   
      <major>Lung/hypoinflation</major>
   
      <major>Aorta, Thoracic/tortuous</major>
   
      <major>Pleural Effusion/bilateral/small</major>
   
      <major>Opacity/lung/base/bilateral</major>
   
      <major>Deformity/thoracic vertebrae/anterior</major>
   
      <major>Pulmonary Atelectasis/bilateral</major>
   
      <major>Opacity/mediastinum/right</major>
   
      <automatic>atelectases</automatic>
   
      <automatic>ectasia</automatic>
   
      <automatic>goiter</automatic>
   
      <automatic>opacity</automatic>
   
      <automatic>pleural effusions</automatic>
   
      <automatic>Atelectasis</automatic>
   
      <automatic>Goiter</automatic>
   
      <automatic>Pleural Effusion</automatic>
   
      <automatic>Thoracic Aorta</automatic>

   </MeSH>
   <parentImage id="CXR2074_IM-0708-1001">
      
      
      <figureId>F1</figureId>
      
      
      <caption>Chest x-XXXX AP and lateral on XXXX </caption>
      
      
      <panel type="single">
         
         
         <url>/hadoop/storage/radiology/extract/CXR2074_IM-0708-1001.jpg</url>
         
         
         <imgModality>7</imgModality>
         
         
         <region type="panel">
            
            
            <globalImageFeatures>
               
               
               <CEDD>f2p0k680</CEDD>
               
               
               <ColorLayout>f1p0k137</ColorLayout>
               
               
               <EdgeHistogram>f0p0k184</EdgeHistogram>
               
               
               <FCTH>f4p0k369</FCTH>
               
               
               <SemanticContext60>f3p0k74</SemanticContext60>
            
            
            </globalImageFeatures>
         
         
         </region>
      
      
      </panel>
   
   
   </parentImage>
   <parentImage id="CXR2074_IM-0708-2001">
      
      
      <figureId>F2</figureId>
      
      
      <caption>Chest x-XXXX AP and lateral on XXXX </caption>
      
      
      <panel type="single">
         
         
         <url>/hadoop/storage/radiology/extract/CXR2074_IM-0708-2001.jpg</url>
         
         
         <imgModality>7</imgModality>
         
         
         <region type="panel">
            
            
            <globalImageFeatures>
               
               
               <CEDD>f2p0k1013</CEDD>
               
               
               <ColorLayout>f1p0k25</ColorLayout>
               
               
               <EdgeHistogram>f0p0k420</EdgeHistogram>
               
               
               <FCTH>f4p0k1394</FCTH>
               
               
               <SemanticContext60>f3p0k151</SemanticContext60>
            
            
            </globalImageFeatures>
         
         
         </region>
      
      
      </panel>
   
   
   </parentImage>
</eCitation>