<?xml version="1.0" encoding="utf-8"?>
<eCitation>
   <meta type="rr"/>
   <uId id="CXR2670"/>
   <pmcId id="2670"/>
   <docSource>CXR</docSource>
   <IUXRId id="2670"/>
   <licenseType>open-access</licenseType>
   <licenseURL>http://creativecommons.org/licenses/by-nc-nd/4.0/</licenseURL>
   <ccLicense>byncnd</ccLicense>
   <articleURL/>
   <articleDate>2013-08-01</articleDate>
   <articleType>XR</articleType>
   <publisher>Indiana University</publisher>
   <title>Indiana University Chest X-ray Collection</title>
   <note>The data are drawn from multiple hospital systems.</note>
   <specialty>pulmonary diseases</specialty>
   <subset>CXR</subset>
   <MedlineCitation Owner="Indiana University" Status="supplied by publisher">
   
      <Article PubModel="Electronic">
      
         <Journal>
         
            <JournalIssue>
            
               <PubDate>
               
                  <Year>2013</Year>
               
                  <Month>08</Month>
               
                  <Day>01</Day>
            
               </PubDate>
         
            </JournalIssue>
      
         </Journal>
      
         <ArticleTitle>Indiana University Chest X-ray Collection</ArticleTitle>
      
         <Abstract>
         
            <AbstractText Label="COMPARISON">None available.</AbstractText>
         
            <AbstractText Label="INDICATION">XXXX-year-old male with worsening dyspnea over 2 months.</AbstractText>
         
            <AbstractText Label="FINDINGS">Hyperexpanded lungs with flattened hemidiaphragms, consistent with emphysema. There is streaky airspace opacities in the left suprahilar and lingular regions. No pneumothorax or effusions. Mild bilateral costophrenic XXXX blunting XXXX represents pleural thickening and scarring. Degenerative changes of the thoracic spine.</AbstractText>
         
            <AbstractText Label="IMPRESSION">Emphysematous changes with streaky opacities in the left perihilar and lingular regions, XXXX focal atelectasis and scarring.</AbstractText>
      
         </Abstract>
      
         <Affiliation>Indiana University</Affiliation>
      
         <AuthorList CompleteYN="Y">
         
            <Author ValidYN="Y">
            
               <LastName>Kohli</LastName>
            
               <ForeName>Marc</ForeName>
            
               <Initials>MD</Initials>
         
            </Author>
         
            <Author ValidYN="Y">
            
               <LastName>Rosenman</LastName>
            
               <ForeName>Marc</ForeName>
            
               <Initials>M</Initials>
         
            </Author>
      
         </AuthorList>
      
         <Language>eng</Language>
      
         <PublicationTypeList>
         
            <PublicationType>Radiology Report</PublicationType>
      
         </PublicationTypeList>
      
         <ArticleDate>
         
            <Year>2013</Year>
         
            <Month>08</Month>
         
            <Day>01</Day>
      
         </ArticleDate>
   
      </Article>
   
      <EssieArticleTitle>Indiana University Chest X-ray Collection</EssieArticleTitle>
   
      <IMedAuthor>Marc David Kohli MD</IMedAuthor>
   
      <IMedAuthor>Marc Rosenman M</IMedAuthor>

   </MedlineCitation>
   <MeSH>
   
      <major>Lung/hyperdistention</major>
   
      <major>Diaphragm/bilateral/flattened</major>
   
      <major>Pulmonary Emphysema</major>
   
      <major>Opacity/lung/lingula/streaky</major>
   
      <major>Opacity/lung/hilum/left/streaky</major>
   
      <major>Costophrenic Angle/bilateral/blunted/mild</major>
   
      <major>Thickening/pleura/bilateral</major>
   
      <major>Cicatrix/pleura/bilateral</major>
   
      <major>Thoracic Vertebrae/degenerative</major>
   
      <major>Pulmonary Atelectasis</major>
   
      <automatic>degenerative change</automatic>
   
      <automatic>emphysemas</automatic>
   
      <automatic>focal atelectasis</automatic>
   
      <automatic>opacity</automatic>
   
      <automatic>pleural thickening</automatic>
   
      <automatic>scarring</automatic>
   
      <automatic>Diaphragm</automatic>
   
      <automatic>Emphysema</automatic>
   
      <automatic>Pulmonary Atelectasis</automatic>
   
      <automatic>Pulmonary Emphysema</automatic>
   
      <automatic>Scarring</automatic>

   </MeSH>
   <parentImage id="CXR2670_IM-1148-1001">
      
      
      <figureId>F1</figureId>
      
      
      <caption>PA and lateral views of the chest. </caption>
      
      
      <panel type="single">
         
         
         <url>/hadoop/storage/radiology/extract/CXR2670_IM-1148-1001.jpg</url>
         
         
         <imgModality>7</imgModality>
         
         
         <region type="panel">
            
            
            <globalImageFeatures>
               
               
               <CEDD>f2p0k750</CEDD>
               
               
               <ColorLayout>f1p0k36</ColorLayout>
               
               
               <EdgeHistogram>f0p0k184</EdgeHistogram>
               
               
               <FCTH>f4p0k28</FCTH>
               
               
               <SemanticContext60>f3p0k181</SemanticContext60>
            
            
            </globalImageFeatures>
         
         
         </region>
      
      
      </panel>
   
   
   </parentImage>
   <parentImage id="CXR2670_IM-1148-1002">
      
      
      <figureId>F2</figureId>
      
      
      <caption>PA and lateral views of the chest. </caption>
      
      
      <panel type="single">
         
         
         <url>/hadoop/storage/radiology/extract/CXR2670_IM-1148-1002.jpg</url>
         
         
         <imgModality>7</imgModality>
         
         
         <region type="panel">
            
            
            <globalImageFeatures>
               
               
               <CEDD>f2p0k377</CEDD>
               
               
               <ColorLayout>f1p0k7</ColorLayout>
               
               
               <EdgeHistogram>f0p0k666</EdgeHistogram>
               
               
               <FCTH>f4p0k1133</FCTH>
               
               
               <SemanticContext60>f3p0k228</SemanticContext60>
            
            
            </globalImageFeatures>
         
         
         </region>
      
      
      </panel>
   
   
   </parentImage>
</eCitation>