<?xml version="1.0" encoding="utf-8"?>
<eCitation>
   <meta type="rr"/>
   <uId id="CXR2704"/>
   <pmcId id="2704"/>
   <docSource>CXR</docSource>
   <IUXRId id="2704"/>
   <licenseType>open-access</licenseType>
   <licenseURL>http://creativecommons.org/licenses/by-nc-nd/4.0/</licenseURL>
   <ccLicense>byncnd</ccLicense>
   <articleURL/>
   <articleDate>2013-08-01</articleDate>
   <articleType>XR</articleType>
   <publisher>Indiana University</publisher>
   <title>Indiana University Chest X-ray Collection</title>
   <note>The data are drawn from multiple hospital systems.</note>
   <specialty>pulmonary diseases</specialty>
   <subset>CXR</subset>
   <MedlineCitation Owner="Indiana University" Status="supplied by publisher">
   
      <Article PubModel="Electronic">
      
         <Journal>
         
            <JournalIssue>
            
               <PubDate>
               
                  <Year>2013</Year>
               
                  <Month>08</Month>
               
                  <Day>01</Day>
            
               </PubDate>
         
            </JournalIssue>
      
         </Journal>
      
         <ArticleTitle>Indiana University Chest X-ray Collection</ArticleTitle>
      
         <Abstract>
         
            <AbstractText Label="COMPARISON">XXXX, XXXX.</AbstractText>
         
            <AbstractText Label="INDICATION">Abscess. Post left mastectomy.</AbstractText>
         
            <AbstractText Label="FINDINGS">Frontal and lateral views of the chest show an unchanged cardiomediastinal silhouette. The aorta is unfolded. There is left base streaky opacity due to XXXX scarring or discoid atelectasis. There is a midright lung small calcified granuloma. There are small nodular opacities projecting over the right base in the right costophrenic sulcus, posterior right 9th rib and the anterior T10 vertebral body. No XXXX focal airspace consolidation or pleural effusion.</AbstractText>
         
            <AbstractText Label="IMPRESSION">1. XXXX indeterminant small nodular opacities. May be granulomas or bone islands. However, XXXX is recommended given the history of malignancy. 2. Otherwise no acute cardiac or pulmonary disease process identified.</AbstractText>
      
         </Abstract>
      
         <Affiliation>Indiana University</Affiliation>
      
         <AuthorList CompleteYN="Y">
         
            <Author ValidYN="Y">
            
               <LastName>Kohli</LastName>
            
               <ForeName>Marc</ForeName>
            
               <Initials>MD</Initials>
         
            </Author>
         
            <Author ValidYN="Y">
            
               <LastName>Rosenman</LastName>
            
               <ForeName>Marc</ForeName>
            
               <Initials>M</Initials>
         
            </Author>
      
         </AuthorList>
      
         <Language>eng</Language>
      
         <PublicationTypeList>
         
            <PublicationType>Radiology Report</PublicationType>
      
         </PublicationTypeList>
      
         <ArticleDate>
         
            <Year>2013</Year>
         
            <Month>08</Month>
         
            <Day>01</Day>
      
         </ArticleDate>
   
      </Article>
   
      <EssieArticleTitle>Indiana University Chest X-ray Collection</EssieArticleTitle>
   
      <IMedAuthor>Marc David Kohli MD</IMedAuthor>
   
      <IMedAuthor>Marc Rosenman M</IMedAuthor>

   </MedlineCitation>
   <MeSH>
   
      <major>Aorta/tortuous</major>
   
      <major>Opacity/lung/base/left/streaky</major>
   
      <major>Cicatrix/lung/base/left</major>
   
      <major>Pulmonary Atelectasis/base/left</major>
   
      <major>Calcified Granuloma/lung/middle lobe/right/small</major>
   
      <major>Opacity/lung/base/right/round/multiple/small</major>
   
      <major>Opacity/costophrenic angle/sulcus/right/round/multiple/small</major>
   
      <automatic>bone island</automatic>
   
      <automatic>calcified granuloma</automatic>
   
      <automatic>discoid atelectasis</automatic>
   
      <automatic>granuloma</automatic>
   
      <automatic>opacity</automatic>
   
      <automatic>scarring</automatic>
   
      <automatic>Granulomas</automatic>
   
      <automatic>Pulmonary Atelectasis</automatic>

   </MeSH>
   <parentImage id="CXR2704_IM-1171-1001">
      
      
      <figureId>F1</figureId>
      
      
      <caption>CHEST, Two (2) Views XXXX, XXXX at XXXX hours.</caption>
      
      
      <panel type="single">
         
         
         <url>/hadoop/storage/radiology/extract/CXR2704_IM-1171-1001.jpg</url>
         
         
         <imgModality>7</imgModality>
         
         
         <region type="panel">
            
            
            <globalImageFeatures>
               
               
               <CEDD>f2p0k1598</CEDD>
               
               
               <ColorLayout>f1p0k98</ColorLayout>
               
               
               <EdgeHistogram>f0p0k184</EdgeHistogram>
               
               
               <FCTH>f4p0k2423</FCTH>
               
               
               <SemanticContext60>f3p0k74</SemanticContext60>
            
            
            </globalImageFeatures>
         
         
         </region>
      
      
      </panel>
   
   
   </parentImage>
   <parentImage id="CXR2704_IM-1171-2001">
      
      
      <figureId>F2</figureId>
      
      
      <caption>CHEST, Two (2) Views XXXX, XXXX at XXXX hours.</caption>
      
      
      <panel type="single">
         
         
         <url>/hadoop/storage/radiology/extract/CXR2704_IM-1171-2001.jpg</url>
         
         
         <imgModality>7</imgModality>
         
         
         <region type="panel">
            
            
            <globalImageFeatures>
               
               
               <CEDD>f2p0k377</CEDD>
               
               
               <ColorLayout>f1p0k36</ColorLayout>
               
               
               <EdgeHistogram>f0p0k666</EdgeHistogram>
               
               
               <FCTH>f4p0k1155</FCTH>
               
               
               <SemanticContext60>f3p0k230</SemanticContext60>
            
            
            </globalImageFeatures>
         
         
         </region>
      
      
      </panel>
   
   
   </parentImage>
</eCitation>