<?xml version="1.0" encoding="utf-8"?>
<eCitation>
   <meta type="rr"/>
   <uId id="CXR2707"/>
   <pmcId id="2707"/>
   <docSource>CXR</docSource>
   <IUXRId id="2707"/>
   <licenseType>open-access</licenseType>
   <licenseURL>http://creativecommons.org/licenses/by-nc-nd/4.0/</licenseURL>
   <ccLicense>byncnd</ccLicense>
   <articleURL/>
   <articleDate>2013-08-01</articleDate>
   <articleType>XR</articleType>
   <publisher>Indiana University</publisher>
   <title>Indiana University Chest X-ray Collection</title>
   <note>The data are drawn from multiple hospital systems.</note>
   <specialty>pulmonary diseases</specialty>
   <subset>CXR</subset>
   <MedlineCitation Owner="Indiana University" Status="supplied by publisher">
   
      <Article PubModel="Electronic">
      
         <Journal>
         
            <JournalIssue>
            
               <PubDate>
               
                  <Year>2013</Year>
               
                  <Month>08</Month>
               
                  <Day>01</Day>
            
               </PubDate>
         
            </JournalIssue>
      
         </Journal>
      
         <ArticleTitle>Indiana University Chest X-ray Collection</ArticleTitle>
      
         <Abstract>
         
            <AbstractText Label="COMPARISON">XXXX, XXXX.</AbstractText>
         
            <AbstractText Label="INDICATION">Post pacemaker placement.</AbstractText>
         
            <AbstractText Label="FINDINGS">Dual-XXXX cardiac pacemaker is in stable, XXXX position. There is no evidence of pneumothorax. There is a prominent epicardial fat XXXX. Heart size is within normal limits. Pulmonary vasculature is normal in caliber. There is stable tortuosity of the descending thoracic aorta. There is mild, smooth apical pleural thickening bilaterally. There are no acute bony findings.</AbstractText>
         
            <AbstractText Label="IMPRESSION">Dual-XXXX cardiac pacemaker in stable, XXXX position. No evidence of acute complication.</AbstractText>
      
         </Abstract>
      
         <Affiliation>Indiana University</Affiliation>
      
         <AuthorList CompleteYN="Y">
         
            <Author ValidYN="Y">
            
               <LastName>Kohli</LastName>
            
               <ForeName>Marc</ForeName>
            
               <Initials>MD</Initials>
         
            </Author>
         
            <Author ValidYN="Y">
            
               <LastName>Rosenman</LastName>
            
               <ForeName>Marc</ForeName>
            
               <Initials>M</Initials>
         
            </Author>
      
         </AuthorList>
      
         <Language>eng</Language>
      
         <PublicationTypeList>
         
            <PublicationType>Radiology Report</PublicationType>
      
         </PublicationTypeList>
      
         <ArticleDate>
         
            <Year>2013</Year>
         
            <Month>08</Month>
         
            <Day>01</Day>
      
         </ArticleDate>
   
      </Article>
   
      <EssieArticleTitle>Indiana University Chest X-ray Collection</EssieArticleTitle>
   
      <IMedAuthor>Marc David Kohli MD</IMedAuthor>
   
      <IMedAuthor>Marc Rosenman M</IMedAuthor>

   </MedlineCitation>
   <MeSH>
   
      <major>Implanted Medical Device</major>
   
      <major>Epicardial Fat/prominent</major>
   
      <major>Aorta, Thoracic/tortuous</major>
   
      <major>Thickening/pleura/apex/bilateral/mild</major>
   
      <automatic>pleural thickening</automatic>
   
      <automatic>Aorta, Thoracic</automatic>
   
      <automatic>Pacemaker, Artificial</automatic>

   </MeSH>
</eCitation>