<?xml version="1.0" encoding="utf-8"?>
<eCitation>
   <meta type="rr"/>
   <uId id="CXR3419"/>
   <pmcId id="3419"/>
   <docSource>CXR</docSource>
   <IUXRId id="3419"/>
   <licenseType>open-access</licenseType>
   <licenseURL>http://creativecommons.org/licenses/by-nc-nd/4.0/</licenseURL>
   <ccLicense>byncnd</ccLicense>
   <articleURL/>
   <articleDate>2013-08-01</articleDate>
   <articleType>XR</articleType>
   <publisher>Indiana University</publisher>
   <title>Indiana University Chest X-ray Collection</title>
   <note>The data are drawn from multiple hospital systems.</note>
   <specialty>pulmonary diseases</specialty>
   <subset>CXR</subset>
   <MedlineCitation Owner="Indiana University" Status="supplied by publisher">
   
      <Article PubModel="Electronic">
      
         <Journal>
         
            <JournalIssue>
            
               <PubDate>
               
                  <Year>2013</Year>
               
                  <Month>08</Month>
               
                  <Day>01</Day>
            
               </PubDate>
         
            </JournalIssue>
      
         </Journal>
      
         <ArticleTitle>Indiana University Chest X-ray Collection</ArticleTitle>
      
         <Abstract>
         
            <AbstractText Label="COMPARISON">None</AbstractText>
         
            <AbstractText Label="INDICATION">Syncope, XXXX from ladder</AbstractText>
         
            <AbstractText Label="FINDINGS"/>
         
            <AbstractText Label="IMPRESSION">Chest: Three total images. The heart size is within normal limits. Mildly tortuous thoracic aorta. No abnormal mediastinal widening is appreciated. Normal pulmonary vascularity. No pleural effusion or pneumothorax. There is an S-shaped curvature of the thoracolumbar spine and a mild kyphosis at the thoraco lumbar junction without clear XXXX deformity identified. Left shoulder: There is a mildly comminuted fracture at the junction of the middle and lateral thirds of the left clavicle, the distal most fragment is displaced superiorly approximately 25% bone width. Glenohumeral alignment appears preserved without dislocation and no additional acute fractures are seen. There is mild superior subluxation of the humerus on the glenoid which suggests reflect chronic rotator XXXX pathology; dysmorphic ossification superolateral to the humeral head XXXX reflecting calcific tendinitis.</AbstractText>
      
         </Abstract>
      
         <Affiliation>Indiana University</Affiliation>
      
         <AuthorList CompleteYN="Y">
         
            <Author ValidYN="Y">
            
               <LastName>Kohli</LastName>
            
               <ForeName>Marc</ForeName>
            
               <Initials>MD</Initials>
         
            </Author>
         
            <Author ValidYN="Y">
            
               <LastName>Rosenman</LastName>
            
               <ForeName>Marc</ForeName>
            
               <Initials>M</Initials>
         
            </Author>
      
         </AuthorList>
      
         <Language>eng</Language>
      
         <PublicationTypeList>
         
            <PublicationType>Radiology Report</PublicationType>
      
         </PublicationTypeList>
      
         <ArticleDate>
         
            <Year>2013</Year>
         
            <Month>08</Month>
         
            <Day>01</Day>
      
         </ArticleDate>
   
      </Article>
   
      <EssieArticleTitle>Indiana University Chest X-ray Collection</EssieArticleTitle>
   
      <IMedAuthor>Marc David Kohli MD</IMedAuthor>
   
      <IMedAuthor>Marc Rosenman M</IMedAuthor>

   </MedlineCitation>
   <MeSH>
   
      <major>Aorta, Thoracic/tortuous/mild</major>
   
      <major>Scoliosis/thoracic vertebrae</major>
   
      <major>Scoliosis/lumbar vertebrae</major>
   
      <major>Kyphosis/thoracic vertebrae/mild</major>
   
      <major>Kyphosis/lumbar vertebrae/mild</major>
   
      <automatic>kyphoses</automatic>
   
      <automatic>Kyphosis</automatic>
   
      <automatic>Thoracic Aorta</automatic>

   </MeSH>
   <parentImage id="CXR3419_IM-1654-12012">
      
      
      <figureId>F1</figureId>
      
      
      <caption>PA and lateral chest radiograph. Three views of the left shoulder. All exams XXXX, XXXX</caption>
      
      
      <panel type="single">
         
         
         <url>/hadoop/storage/radiology/extract/CXR3419_IM-1654-12012.jpg</url>
         
         
         <imgModality>7</imgModality>
         
         
         <region type="panel">
            
            
            <globalImageFeatures>
               
               
               <CEDD>f2p0k1205</CEDD>
               
               
               <ColorLayout>f1p0k137</ColorLayout>
               
               
               <EdgeHistogram>f0p0k1179</EdgeHistogram>
               
               
               <FCTH>f4p0k2450</FCTH>
               
               
               <SemanticContext60>f3p0k151</SemanticContext60>
            
            
            </globalImageFeatures>
         
         
         </region>
      
      
      </panel>
   
   
   </parentImage>
   <parentImage id="CXR3419_IM-1654-2001">
      
      
      <figureId>F2</figureId>
      
      
      <caption>PA and lateral chest radiograph. Three views of the left shoulder. All exams XXXX, XXXX</caption>
      
      
      <panel type="single">
         
         
         <url>/hadoop/storage/radiology/extract/CXR3419_IM-1654-2001.jpg</url>
         
         
         <imgModality>7</imgModality>
         
         
         <region type="panel">
            
            
            <globalImageFeatures>
               
               
               <CEDD>f2p0k377</CEDD>
               
               
               <ColorLayout>f1p0k66</ColorLayout>
               
               
               <EdgeHistogram>f0p0k436</EdgeHistogram>
               
               
               <FCTH>f4p0k1133</FCTH>
               
               
               <SemanticContext60>f3p0k230</SemanticContext60>
            
            
            </globalImageFeatures>
         
         
         </region>
      
      
      </panel>
   
   
   </parentImage>
   <parentImage id="CXR3419_IM-1654-4004">
      
      
      <figureId>F3</figureId>
      
      
      <caption>PA and lateral chest radiograph. Three views of the left shoulder. All exams XXXX, XXXX</caption>
      
      
      <panel type="single">
         
         
         <url>/hadoop/storage/radiology/extract/CXR3419_IM-1654-4004.jpg</url>
         
         
         <imgModality>7</imgModality>
         
         
         <region type="panel">
            
            
            <globalImageFeatures>
               
               
               <CEDD>f2p0k750</CEDD>
               
               
               <ColorLayout>f1p0k98</ColorLayout>
               
               
               <EdgeHistogram>f0p0k338</EdgeHistogram>
               
               
               <FCTH>f4p0k1808</FCTH>
               
               
               <SemanticContext60>f3p0k277</SemanticContext60>
            
            
            </globalImageFeatures>
         
         
         </region>
      
      
      </panel>
   
   
   </parentImage>
</eCitation>