<?xml version="1.0" encoding="utf-8"?>
<eCitation>
   <meta type="rr"/>
   <uId id="CXR3800"/>
   <pmcId id="3800"/>
   <docSource>CXR</docSource>
   <IUXRId id="3800"/>
   <licenseType>open-access</licenseType>
   <licenseURL>http://creativecommons.org/licenses/by-nc-nd/4.0/</licenseURL>
   <ccLicense>byncnd</ccLicense>
   <articleURL/>
   <articleDate>2013-08-01</articleDate>
   <articleType>XR</articleType>
   <publisher>Indiana University</publisher>
   <title>Indiana University Chest X-ray Collection</title>
   <note>The data are drawn from multiple hospital systems.</note>
   <specialty>pulmonary diseases</specialty>
   <subset>CXR</subset>
   <MedlineCitation Owner="Indiana University" Status="supplied by publisher">
   
      <Article PubModel="Electronic">
      
         <Journal>
         
            <JournalIssue>
            
               <PubDate>
               
                  <Year>2013</Year>
               
                  <Month>08</Month>
               
                  <Day>01</Day>
            
               </PubDate>
         
            </JournalIssue>
      
         </Journal>
      
         <ArticleTitle>Indiana University Chest X-ray Collection</ArticleTitle>
      
         <Abstract>
         
            <AbstractText Label="COMPARISON">Chest x-XXXX XXXX and lateral from XXXX.</AbstractText>
         
            <AbstractText Label="INDICATION">XXXX-year-old female with XXXX XXXX.</AbstractText>
         
            <AbstractText Label="FINDINGS">The heart is normal in size. Left-sided pacemaker XXXX and associated XXXX are unchanged in position. There is also an unchanged incompletely visualized XXXX arising below the left hemidiaphragm. No pneumothorax or pleural effusion. There is XXXX streaky opacification in the right midlung. There is mild levocurvature involving the thoracolumbar spine.</AbstractText>
         
            <AbstractText Label="IMPRESSION">1. XXXX right midlung opacification XXXX representing atelectasis or infiltrate. 2. Mild thoracolumbar spine levocurvature. .</AbstractText>
      
         </Abstract>
      
         <Affiliation>Indiana University</Affiliation>
      
         <AuthorList CompleteYN="Y">
         
            <Author ValidYN="Y">
            
               <LastName>Kohli</LastName>
            
               <ForeName>Marc</ForeName>
            
               <Initials>MD</Initials>
         
            </Author>
         
            <Author ValidYN="Y">
            
               <LastName>Rosenman</LastName>
            
               <ForeName>Marc</ForeName>
            
               <Initials>M</Initials>
         
            </Author>
      
         </AuthorList>
      
         <Language>eng</Language>
      
         <PublicationTypeList>
         
            <PublicationType>Radiology Report</PublicationType>
      
         </PublicationTypeList>
      
         <ArticleDate>
         
            <Year>2013</Year>
         
            <Month>08</Month>
         
            <Day>01</Day>
      
         </ArticleDate>
   
      </Article>
   
      <EssieArticleTitle>Indiana University Chest X-ray Collection</EssieArticleTitle>
   
      <IMedAuthor>Marc David Kohli MD</IMedAuthor>
   
      <IMedAuthor>Marc Rosenman M</IMedAuthor>

   </MedlineCitation>
   <MeSH>
   
      <major>Implanted Medical Device/left</major>
   
      <major>Opacity/lung/middle lobe/right/streaky</major>
   
      <major>Scoliosis/thoracic vertebrae/left/mild</major>
   
      <major>Scoliosis/lumbar vertebrae/left/mild</major>
   
      <major>Pulmonary Atelectasis/middle lobe/right</major>
   
      <major>Infiltrate/lung/middle lobe/right</major>
   
      <automatic>atelectases</automatic>
   
      <automatic>infiltrates</automatic>
   
      <automatic>Atelectasis</automatic>
   
      <automatic>Lumbar Vertebrae</automatic>

   </MeSH>
</eCitation>