<?xml version="1.0" encoding="utf-8"?>
<eCitation>
   <meta type="rr"/>
   <uId id="CXR3801"/>
   <pmcId id="3801"/>
   <docSource>CXR</docSource>
   <IUXRId id="3801"/>
   <licenseType>open-access</licenseType>
   <licenseURL>http://creativecommons.org/licenses/by-nc-nd/4.0/</licenseURL>
   <ccLicense>byncnd</ccLicense>
   <articleURL/>
   <articleDate>2013-08-01</articleDate>
   <articleType>XR</articleType>
   <publisher>Indiana University</publisher>
   <title>Indiana University Chest X-ray Collection</title>
   <note>The data are drawn from multiple hospital systems.</note>
   <specialty>pulmonary diseases</specialty>
   <subset>CXR</subset>
   <MedlineCitation Owner="Indiana University" Status="supplied by publisher">
   
      <Article PubModel="Electronic">
      
         <Journal>
         
            <JournalIssue>
            
               <PubDate>
               
                  <Year>2013</Year>
               
                  <Month>08</Month>
               
                  <Day>01</Day>
            
               </PubDate>
         
            </JournalIssue>
      
         </Journal>
      
         <ArticleTitle>Indiana University Chest X-ray Collection</ArticleTitle>
      
         <Abstract>
         
            <AbstractText Label="COMPARISON">PA and lateral chest radiographs XXXX.</AbstractText>
         
            <AbstractText Label="INDICATION">XXXX-year-old male with chest pain.</AbstractText>
         
            <AbstractText Label="FINDINGS">There are midline sternotomy XXXX and mediastinal clips consistent with prior CABG. The heart is enlarged with unfolding of the aorta. There is prominence of the interstitial markings with fluid in the fissures consistent with interstitial edema. There is no focal airspace opacity, large pleural effusion, or pneumothorax. There multilevel degenerative spine changes.</AbstractText>
         
            <AbstractText Label="IMPRESSION">1. Interstitial pulmonary edema. 2. Cardiomegaly.</AbstractText>
      
         </Abstract>
      
         <Affiliation>Indiana University</Affiliation>
      
         <AuthorList CompleteYN="Y">
         
            <Author ValidYN="Y">
            
               <LastName>Kohli</LastName>
            
               <ForeName>Marc</ForeName>
            
               <Initials>MD</Initials>
         
            </Author>
         
            <Author ValidYN="Y">
            
               <LastName>Rosenman</LastName>
            
               <ForeName>Marc</ForeName>
            
               <Initials>M</Initials>
         
            </Author>
      
         </AuthorList>
      
         <Language>eng</Language>
      
         <PublicationTypeList>
         
            <PublicationType>Radiology Report</PublicationType>
      
         </PublicationTypeList>
      
         <ArticleDate>
         
            <Year>2013</Year>
         
            <Month>08</Month>
         
            <Day>01</Day>
      
         </ArticleDate>
   
      </Article>
   
      <EssieArticleTitle>Indiana University Chest X-ray Collection</EssieArticleTitle>
   
      <IMedAuthor>Marc David Kohli MD</IMedAuthor>
   
      <IMedAuthor>Marc Rosenman M</IMedAuthor>

   </MedlineCitation>
   <MeSH>
   
      <major>Surgical Instruments/mediastinum</major>
   
      <major>Cardiomegaly</major>
   
      <major>Aorta/tortuous</major>
   
      <major>Markings/lung/interstitial/prominent</major>
   
      <major>Pulmonary Edema/interstitial</major>
   
      <major>Spine/degenerative/multiple</major>
   
      <automatic>edemas</automatic>
   
      <automatic>interstitial pulmonary edema</automatic>
   
      <automatic>cabg</automatic>
   
      <automatic>sternotomy</automatic>
   
      <automatic>Cardiomegaly</automatic>
   
      <automatic>Pulmonary Edema</automatic>

   </MeSH>
   <parentImage id="CXR3801_IM-1912-1001">
      
      
      <figureId>F1</figureId>
      
      
      <caption>PA and lateral chest radiographs XXXX at XXXX hours. </caption>
      
      
      <panel type="single">
         
         
         <url>/hadoop/storage/radiology/extract/CXR3801_IM-1912-1001.jpg</url>
         
         
         <imgModality>7</imgModality>
         
         
         <region type="panel">
            
            
            <globalImageFeatures>
               
               
               <CEDD>f2p0k1297</CEDD>
               
               
               <ColorLayout>f1p0k98</ColorLayout>
               
               
               <EdgeHistogram>f0p0k338</EdgeHistogram>
               
               
               <FCTH>f4p0k1972</FCTH>
               
               
               <SemanticContext60>f3p0k238</SemanticContext60>
            
            
            </globalImageFeatures>
         
         
         </region>
      
      
      </panel>
   
   
   </parentImage>
</eCitation>