<?xml version="1.0" encoding="utf-8"?>
<eCitation>
   <meta type="rr"/>
   <uId id="CXR3803"/>
   <pmcId id="3803"/>
   <docSource>CXR</docSource>
   <IUXRId id="3803"/>
   <licenseType>open-access</licenseType>
   <licenseURL>http://creativecommons.org/licenses/by-nc-nd/4.0/</licenseURL>
   <ccLicense>byncnd</ccLicense>
   <articleURL/>
   <articleDate>2013-08-01</articleDate>
   <articleType>XR</articleType>
   <publisher>Indiana University</publisher>
   <title>Indiana University Chest X-ray Collection</title>
   <note>The data are drawn from multiple hospital systems.</note>
   <specialty>pulmonary diseases</specialty>
   <subset>CXR</subset>
   <MedlineCitation Owner="Indiana University" Status="supplied by publisher">
   
      <Article PubModel="Electronic">
      
         <Journal>
         
            <JournalIssue>
            
               <PubDate>
               
                  <Year>2013</Year>
               
                  <Month>08</Month>
               
                  <Day>01</Day>
            
               </PubDate>
         
            </JournalIssue>
      
         </Journal>
      
         <ArticleTitle>Indiana University Chest X-ray Collection</ArticleTitle>
      
         <Abstract>
         
            <AbstractText Label="COMPARISON">PA and lateral chest radiographs XXXX.</AbstractText>
         
            <AbstractText Label="INDICATION">XXXX-year-old female with COPD.</AbstractText>
         
            <AbstractText Label="FINDINGS">The heart size and cardiomediastinal silhouette are normal. The aorta is tortuous and atherosclerotic. The lungs are hyperexpanded with flattening of hemidiaphragms and increased retrosternal airspace. There is no focal airspace opacity, pleural effusion, or pneumothorax. There are degenerative changes in the thoracic spine.</AbstractText>
         
            <AbstractText Label="IMPRESSION">1. No acute cardiopulmonary finding. 2. Emphysema and atherosclerosis.</AbstractText>
      
         </Abstract>
      
         <Affiliation>Indiana University</Affiliation>
      
         <AuthorList CompleteYN="Y">
         
            <Author ValidYN="Y">
            
               <LastName>Kohli</LastName>
            
               <ForeName>Marc</ForeName>
            
               <Initials>MD</Initials>
         
            </Author>
         
            <Author ValidYN="Y">
            
               <LastName>Rosenman</LastName>
            
               <ForeName>Marc</ForeName>
            
               <Initials>M</Initials>
         
            </Author>
      
         </AuthorList>
      
         <Language>eng</Language>
      
         <PublicationTypeList>
         
            <PublicationType>Radiology Report</PublicationType>
      
         </PublicationTypeList>
      
         <ArticleDate>
         
            <Year>2013</Year>
         
            <Month>08</Month>
         
            <Day>01</Day>
      
         </ArticleDate>
   
      </Article>
   
      <EssieArticleTitle>Indiana University Chest X-ray Collection</EssieArticleTitle>
   
      <IMedAuthor>Marc David Kohli MD</IMedAuthor>
   
      <IMedAuthor>Marc Rosenman M</IMedAuthor>

   </MedlineCitation>
   <MeSH>
   
      <major>Aorta/tortuous</major>
   
      <major>Atherosclerosis/aorta</major>
   
      <major>Lung/hyperdistention</major>
   
      <major>Diaphragm/bilateral/flattened</major>
   
      <major>Thoracic Vertebrae/degenerative</major>
   
      <major>Emphysema</major>
   
      <automatic>atheroscleroses</automatic>
   
      <automatic>degenerative change</automatic>
   
      <automatic>emphysemas</automatic>
   
      <automatic>Aorta</automatic>
   
      <automatic>Atherosclerosis</automatic>
   
      <automatic>Emphysema</automatic>
   
      <automatic>Pulmonary Emphysema</automatic>

   </MeSH>
   <parentImage id="CXR3803_IM-1913-2001">
      
      
      <figureId>F1</figureId>
      
      
      <caption>PA and lateral chest radiographs XXXX at XXXX hours. </caption>
      
      
      <panel type="single">
         
         
         <url>/hadoop/storage/radiology/extract/CXR3803_IM-1913-2001.jpg</url>
         
         
         <imgModality>7</imgModality>
         
         
         <region type="panel">
            
            
            <globalImageFeatures>
               
               
               <CEDD>f2p0k1056</CEDD>
               
               
               <ColorLayout>f1p0k75</ColorLayout>
               
               
               <EdgeHistogram>f0p0k813</EdgeHistogram>
               
               
               <FCTH>f4p0k1394</FCTH>
               
               
               <SemanticContext60>f3p0k305</SemanticContext60>
            
            
            </globalImageFeatures>
         
         
         </region>
      
      
      </panel>
   
   
   </parentImage>
   <parentImage id="CXR3803_IM-1913-3001">
      
      
      <figureId>F2</figureId>
      
      
      <caption>PA and lateral chest radiographs XXXX at XXXX hours. </caption>
      
      
      <panel type="single">
         
         
         <url>/hadoop/storage/radiology/extract/CXR3803_IM-1913-3001.jpg</url>
         
         
         <imgModality>7</imgModality>
         
         
         <region type="panel">
            
            
            <globalImageFeatures>
               
               
               <CEDD>f2p0k1637</CEDD>
               
               
               <ColorLayout>f1p0k65</ColorLayout>
               
               
               <EdgeHistogram>f0p0k184</EdgeHistogram>
               
               
               <FCTH>f4p0k1731</FCTH>
               
               
               <SemanticContext60>f3p0k238</SemanticContext60>
            
            
            </globalImageFeatures>
         
         
         </region>
      
      
      </panel>
   
   
   </parentImage>
</eCitation>