<?xml version="1.0" encoding="utf-8"?>
<eCitation>
   <meta type="rr"/>
   <uId id="CXR412"/>
   <pmcId id="412"/>
   <docSource>CXR</docSource>
   <IUXRId id="412"/>
   <licenseType>open-access</licenseType>
   <licenseURL>http://creativecommons.org/licenses/by-nc-nd/4.0/</licenseURL>
   <ccLicense>byncnd</ccLicense>
   <articleURL/>
   <articleDate>2013-08-01</articleDate>
   <articleType>XR</articleType>
   <publisher>Indiana University</publisher>
   <title>Indiana University Chest X-ray Collection</title>
   <note>The data are drawn from multiple hospital systems.</note>
   <specialty>pulmonary diseases</specialty>
   <subset>CXR</subset>
   <MedlineCitation Owner="Indiana University" Status="supplied by publisher">
   
      <Article PubModel="Electronic">
      
         <Journal>
         
            <JournalIssue>
            
               <PubDate>
               
                  <Year>2013</Year>
               
                  <Month>08</Month>
               
                  <Day>01</Day>
            
               </PubDate>
         
            </JournalIssue>
      
         </Journal>
      
         <ArticleTitle>Indiana University Chest X-ray Collection</ArticleTitle>
      
         <Abstract>
         
            <AbstractText Label="COMPARISON">PA lateral views of the chest dated XXXX.</AbstractText>
         
            <AbstractText Label="INDICATION">XXXX-year-old female, hypoxia.</AbstractText>
         
            <AbstractText Label="FINDINGS">Bilateral emphysematous again noted and lower lobe fibrotic changes. Postsurgical changes of the chest including CABG procedure, stable. Stable valve artifact. There are no focal areas of consolidation. No large pleural effusions. No evidence of pneumothorax. Degenerative changes noted of the visualized thoracic spine. Nodular right lower lobe opacity, XXXX nipple XXXX. Contour abnormality of the posterior aspect of the right 7th rib again noted, stable.</AbstractText>
         
            <AbstractText Label="IMPRESSION">1. No acute cardiopulmonary abnormality. 2. Stable bilateral emphysematous and lower lobe fibrotic changes.</AbstractText>
      
         </Abstract>
      
         <Affiliation>Indiana University</Affiliation>
      
         <AuthorList CompleteYN="Y">
         
            <Author ValidYN="Y">
            
               <LastName>Kohli</LastName>
            
               <ForeName>Marc</ForeName>
            
               <Initials>MD</Initials>
         
            </Author>
         
            <Author ValidYN="Y">
            
               <LastName>Rosenman</LastName>
            
               <ForeName>Marc</ForeName>
            
               <Initials>M</Initials>
         
            </Author>
      
         </AuthorList>
      
         <Language>eng</Language>
      
         <PublicationTypeList>
         
            <PublicationType>Radiology Report</PublicationType>
      
         </PublicationTypeList>
      
         <ArticleDate>
         
            <Year>2013</Year>
         
            <Month>08</Month>
         
            <Day>01</Day>
      
         </ArticleDate>
   
      </Article>
   
      <EssieArticleTitle>Indiana University Chest X-ray Collection</EssieArticleTitle>
   
      <IMedAuthor>Marc David Kohli MD</IMedAuthor>
   
      <IMedAuthor>Marc Rosenman M</IMedAuthor>

   </MedlineCitation>
   <MeSH>
   
      <major>Pulmonary Emphysema/bilateral</major>
   
      <major>Pulmonary Fibrosis/lower lobe/bilateral</major>
   
      <major>Thoracic Vertebrae/degenerative</major>
   
      <major>Opacity/lung/lower lobe/right</major>
   
      <major>Nodule/lung/lower lobe/right</major>
   
      <major>Deformity/ribs/right/posterior</major>
   
      <automatic>degenerative change</automatic>
   
      <automatic>opacity</automatic>
   
      <automatic>cabg</automatic>

   </MeSH>
   <parentImage id="CXR412_IM-2056-1001">
      
      
      <figureId>F1</figureId>
      
      
      <caption>PA lateral views of the chest dated XXXX. </caption>
      
      
      <panel type="single">
         
         
         <url>/hadoop/storage/radiology/extract/CXR412_IM-2056-1001.jpg</url>
         
         
         <imgModality>7</imgModality>
         
         
         <region type="panel">
            
            
            <globalImageFeatures>
               
               
               <CEDD>f2p0k220</CEDD>
               
               
               <ColorLayout>f1p0k36</ColorLayout>
               
               
               <EdgeHistogram>f0p0k666</EdgeHistogram>
               
               
               <FCTH>f4p0k2423</FCTH>
               
               
               <SemanticContext60>f3p0k74</SemanticContext60>
            
            
            </globalImageFeatures>
         
         
         </region>
      
      
      </panel>
   
   
   </parentImage>
   <parentImage id="CXR412_IM-2056-2001">
      
      
      <figureId>F2</figureId>
      
      
      <caption>PA lateral views of the chest dated XXXX. </caption>
      
      
      <panel type="single">
         
         
         <url>/hadoop/storage/radiology/extract/CXR412_IM-2056-2001.jpg</url>
         
         
         <imgModality>7</imgModality>
         
         
         <region type="panel">
            
            
            <globalImageFeatures>
               
               
               <CEDD>f2p0k680</CEDD>
               
               
               <ColorLayout>f1p0k83</ColorLayout>
               
               
               <EdgeHistogram>f0p0k184</EdgeHistogram>
               
               
               <FCTH>f4p0k1282</FCTH>
               
               
               <SemanticContext60>f3p0k74</SemanticContext60>
            
            
            </globalImageFeatures>
         
         
         </region>
      
      
      </panel>
   
   
   </parentImage>
</eCitation>