<?xml version="1.0" encoding="utf-8"?>
<eCitation>
   <meta type="rr"/>
   <uId id="CXR74"/>
   <pmcId id="74"/>
   <docSource>CXR</docSource>
   <IUXRId id="74"/>
   <licenseType>open-access</licenseType>
   <licenseURL>http://creativecommons.org/licenses/by-nc-nd/4.0/</licenseURL>
   <ccLicense>byncnd</ccLicense>
   <articleURL/>
   <articleDate>2013-08-01</articleDate>
   <articleType>XR</articleType>
   <publisher>Indiana University</publisher>
   <title>Indiana University Chest X-ray Collection</title>
   <note>The data are drawn from multiple hospital systems.</note>
   <specialty>pulmonary diseases</specialty>
   <subset>CXR</subset>
   <MedlineCitation Owner="Indiana University" Status="supplied by publisher">
   
      <Article PubModel="Electronic">
      
         <Journal>
         
            <JournalIssue>
            
               <PubDate>
               
                  <Year>2013</Year>
               
                  <Month>08</Month>
               
                  <Day>01</Day>
            
               </PubDate>
         
            </JournalIssue>
      
         </Journal>
      
         <ArticleTitle>Indiana University Chest X-ray Collection</ArticleTitle>
      
         <Abstract>
         
            <AbstractText Label="COMPARISON"/>
         
            <AbstractText Label="INDICATION">Bilateral rib pain and shortness of breath.</AbstractText>
         
            <AbstractText Label="FINDINGS">Lungs appear to be clear other than a calcified granuloma on left. Heart is not enlarged. There are atherosclerotic changes of the aorta. There is increased kyphosis of the thoracic spine and there are multiple XXXX deformities. A stimulator is seen.</AbstractText>
         
            <AbstractText Label="IMPRESSION">No acute pulmonary disease. Multiple thoracic XXXX deformities XXXX due to osteoporosis.</AbstractText>
      
         </Abstract>
      
         <Affiliation>Indiana University</Affiliation>
      
         <AuthorList CompleteYN="Y">
         
            <Author ValidYN="Y">
            
               <LastName>Kohli</LastName>
            
               <ForeName>Marc</ForeName>
            
               <Initials>MD</Initials>
         
            </Author>
         
            <Author ValidYN="Y">
            
               <LastName>Rosenman</LastName>
            
               <ForeName>Marc</ForeName>
            
               <Initials>M</Initials>
         
            </Author>
      
         </AuthorList>
      
         <Language>eng</Language>
      
         <PublicationTypeList>
         
            <PublicationType>Radiology Report</PublicationType>
      
         </PublicationTypeList>
      
         <ArticleDate>
         
            <Year>2013</Year>
         
            <Month>08</Month>
         
            <Day>01</Day>
      
         </ArticleDate>
   
      </Article>
   
      <EssieArticleTitle>Indiana University Chest X-ray Collection</EssieArticleTitle>
   
      <IMedAuthor>Marc David Kohli MD</IMedAuthor>
   
      <IMedAuthor>Marc Rosenman M</IMedAuthor>

   </MedlineCitation>
   <MeSH>
   
      <major>Calcified Granuloma/lung/left</major>
   
      <major>Atherosclerosis/aorta</major>
   
      <major>Kyphosis/thoracic vertebrae</major>
   
      <major>Deformity/thoracic vertebrae/multiple</major>
   
      <major>Osteoporosis</major>
   
      <major>Implanted Medical Device</major>
   
      <automatic>calcified granuloma</automatic>
   
      <automatic>deformity</automatic>
   
      <automatic>kyphoses</automatic>
   
      <automatic>osteoporoses</automatic>
   
      <automatic>Kyphosis</automatic>
   
      <automatic>Osteoporosis</automatic>
   
      <automatic>Thoracic Vertebrae</automatic>

   </MeSH>
   <parentImage id="CXR74_IM-2296-2001">
      
      
      <figureId>F2</figureId>
      
      
      <caption>PA and lateral chest XXXX, XXXX.</caption>
      
      
      <panel type="single">
         
         
         <url>/hadoop/storage/radiology/extract/CXR74_IM-2296-2001.jpg</url>
         
         
         <imgModality>7</imgModality>
         
         
         <region type="panel">
            
            
            <globalImageFeatures>
               
               
               <CEDD>f2p0k377</CEDD>
               
               
               <ColorLayout>f1p0k129</ColorLayout>
               
               
               <EdgeHistogram>f0p0k518</EdgeHistogram>
               
               
               <FCTH>f4p0k1133</FCTH>
               
               
               <SemanticContext60>f3p0k277</SemanticContext60>
            
            
            </globalImageFeatures>
         
         
         </region>
      
      
      </panel>
   
   
   </parentImage>
</eCitation>