<?xml version="1.0" encoding="utf-8"?>
<eCitation>
   <meta type="rr"/>
   <uId id="CXR75"/>
   <pmcId id="75"/>
   <docSource>CXR</docSource>
   <IUXRId id="75"/>
   <licenseType>open-access</licenseType>
   <licenseURL>http://creativecommons.org/licenses/by-nc-nd/4.0/</licenseURL>
   <ccLicense>byncnd</ccLicense>
   <articleURL/>
   <articleDate>2013-08-01</articleDate>
   <articleType>XR</articleType>
   <publisher>Indiana University</publisher>
   <title>Indiana University Chest X-ray Collection</title>
   <note>The data are drawn from multiple hospital systems.</note>
   <specialty>pulmonary diseases</specialty>
   <subset>CXR</subset>
   <MedlineCitation Owner="Indiana University" Status="supplied by publisher">
   
      <Article PubModel="Electronic">
      
         <Journal>
         
            <JournalIssue>
            
               <PubDate>
               
                  <Year>2013</Year>
               
                  <Month>08</Month>
               
                  <Day>01</Day>
            
               </PubDate>
         
            </JournalIssue>
      
         </Journal>
      
         <ArticleTitle>Indiana University Chest X-ray Collection</ArticleTitle>
      
         <Abstract>
         
            <AbstractText Label="COMPARISON">XXXX, XXXX</AbstractText>
         
            <AbstractText Label="INDICATION">XXXX-year-old XXXX with chest pain.</AbstractText>
         
            <AbstractText Label="FINDINGS">The heart size is stable. The aorta is ectatic and atherosclerotic but stable. XXXX sternotomy XXXX are again noted. The scarring in the left lower lobe is again noted and unchanged from prior exam. There are mild bilateral prominent lung interstitial opacities consistent with emphysematous disease. The calcified granulomas are stable.</AbstractText>
         
            <AbstractText Label="IMPRESSION">1. Changes of emphysema and left lower lobe scarring, both stable. 2. Unchanged degenerative and atherosclerotic changes of the thoracic aorta.</AbstractText>
      
         </Abstract>
      
         <Affiliation>Indiana University</Affiliation>
      
         <AuthorList CompleteYN="Y">
         
            <Author ValidYN="Y">
            
               <LastName>Kohli</LastName>
            
               <ForeName>Marc</ForeName>
            
               <Initials>MD</Initials>
         
            </Author>
         
            <Author ValidYN="Y">
            
               <LastName>Rosenman</LastName>
            
               <ForeName>Marc</ForeName>
            
               <Initials>M</Initials>
         
            </Author>
      
         </AuthorList>
      
         <Language>eng</Language>
      
         <PublicationTypeList>
         
            <PublicationType>Radiology Report</PublicationType>
      
         </PublicationTypeList>
      
         <ArticleDate>
         
            <Year>2013</Year>
         
            <Month>08</Month>
         
            <Day>01</Day>
      
         </ArticleDate>
   
      </Article>
   
      <EssieArticleTitle>Indiana University Chest X-ray Collection</EssieArticleTitle>
   
      <IMedAuthor>Marc David Kohli MD</IMedAuthor>
   
      <IMedAuthor>Marc Rosenman M</IMedAuthor>

   </MedlineCitation>
   <MeSH>
   
      <major>Atherosclerosis/aorta, thoracic</major>
   
      <major>Aorta, Thoracic/tortuous</major>
   
      <major>Cicatrix/lung/lower lobe/left</major>
   
      <major>Opacity/lung/bilateral/interstitial/prominent/mild</major>
   
      <major>Pulmonary Emphysema</major>
   
      <major>Calcified Granuloma</major>
   
      <automatic>calcified granuloma</automatic>
   
      <automatic>emphysemas</automatic>
   
      <automatic>opacity</automatic>
   
      <automatic>scarring</automatic>
   
      <automatic>sternotomy</automatic>
   
      <automatic>Aorta</automatic>
   
      <automatic>Aorta, Thoracic</automatic>
   
      <automatic>Cicatrix</automatic>
   
      <automatic>Emphysema</automatic>
   
      <automatic>Pulmonary Emphysema</automatic>

   </MeSH>
   <parentImage id="CXR75_IM-2303-1001">
      
      
      <figureId>F1</figureId>
      
      
      <caption>PA and lateral views of the chest XXXX, XXXX at XXXX hours </caption>
      
      
      <panel type="single">
         
         
         <url>/hadoop/storage/radiology/extract/CXR75_IM-2303-1001.jpg</url>
         
         
         <imgModality>7</imgModality>
         
         
         <region type="panel">
            
            
            <globalImageFeatures>
               
               
               <CEDD>f2p0k1489</CEDD>
               
               
               <ColorLayout>f1p0k36</ColorLayout>
               
               
               <EdgeHistogram>f0p0k338</EdgeHistogram>
               
               
               <FCTH>f4p0k2450</FCTH>
               
               
               <SemanticContext60>f3p0k181</SemanticContext60>
            
            
            </globalImageFeatures>
         
         
         </region>
      
      
      </panel>
   
   
   </parentImage>
   <parentImage id="CXR75_IM-2303-2001">
      
      
      <figureId>F2</figureId>
      
      
      <caption>PA and lateral views of the chest XXXX, XXXX at XXXX hours </caption>
      
      
      <panel type="single">
         
         
         <url>/hadoop/storage/radiology/extract/CXR75_IM-2303-2001.jpg</url>
         
         
         <imgModality>7</imgModality>
         
         
         <region type="panel">
            
            
            <globalImageFeatures>
               
               
               <CEDD>f2p0k220</CEDD>
               
               
               <ColorLayout>f1p0k160</ColorLayout>
               
               
               <EdgeHistogram>f0p0k518</EdgeHistogram>
               
               
               <FCTH>f4p0k2423</FCTH>
               
               
               <SemanticContext60>f3p0k95</SemanticContext60>
            
            
            </globalImageFeatures>
         
         
         </region>
      
      
      </panel>
   
   
   </parentImage>
</eCitation>